{"loss": [0.44549891352653503, 0.2984650731086731, 0.2751019299030304], "accuracy": [0.8312764167785645, 0.8944658637046814, 0.8997893333435059], "val_loss": [0.19883182644844055, 0.2177795022726059, 0.1652090847492218], "val_accuracy": [0.9206240177154541, 0.917887270450592, 0.934921383857727]}