{"loss": [0.09423155337572098, 0.06840658187866211], "accuracy": [0.9660186767578125, 0.975191056728363], "val_loss": [0.2923450171947479, 0.24394552409648895], "val_accuracy": [0.9104664921760559, 0.9332521557807922]}